SiO2,TiO2,Al2O3,FeOT,MnO,MgO,CaO,Na2O,K2O,P2O5,La,Ce,Pr,Nd,Sm,Eu,Gd,Tb,Dy,Ho,Er,Tm,Yb,Lu,Ba,Cr,Hf,Nb,Ni,Rb,Sr,Ta,Th,U,Y,Zr,Tectonic_Setting,LATITUDE,LONGITUDE
50.12,1.3,15.41,9.38,0.18,8.47,12.07,2.55,0.09,0.12,3.1,9.7,1.75,8.9,2.89,1.09,3.96,0.72,4.4,1.03,2.74,0.44,2.71,0.42,7.67,304.0,2.17,2.23,112.1,0.94,117.0,0.154,0.109,0.048,29.4,85.7,MORB,44.27,-129.75
50.66,2.36,13.57,12.69,0.21,6.04,10.67,2.75,0.22,0.22,6.0,18.5,3.3,16.2,5.33,1.8,7.13,1.21,8.07,1.77,5.07,0.708,4.73,0.714,21.1,133.0,4.04,5.39,55.3,2.37,120.0,0.357,0.305,0.123,46.3,154.0,MORB,13.0,-104.0
50.504,2.25,13.87,12.85,0.24,6.1,10.62,3.06,0.19,0.25,5.25,16.3,2.9,14.2,4.63,1.65,6.25,1.06,7.08,1.54,4.49,0.635,4.17,0.615,19.2,82.2,3.58,4.61,71.9,2.01,131.0,0.307,0.257,0.135,40.2,133.0,MORB,13.0,-104.0
50.724,2.57,13.22,13.75,0.23,5.62,10.06,3.3,0.21,0.2,5.98,18.7,3.31,16.5,5.35,1.92,7.27,1.25,8.35,1.82,5.29,0.752,4.95,0.737,20.5,14.0,4.22,5.23,31.6,2.22,126.0,0.355,0.297,0.119,47.1,155.0,MORB,44.27,-129.55
50.602,2.52,13.45,13.97,0.21,5.51,9.96,3.27,0.22,0.21,5.58,17.4,3.07,15.1,4.99,1.74,6.7,1.14,7.69,1.66,4.82,0.678,4.5,0.672,18.7,78.9,3.87,4.83,52.5,1.97,128.0,0.324,0.267,0.114,43.3,145.0,MORB,44.66,-130.33
50.39,2.24,13.48,12.49,0.21,6.11,10.59,2.72,0.19,0.22,7.8,24.3,4.26,20.8,6.66,2.31,9.03,1.51,10.3,2.2,6.45,0.907,5.98,0.888,23.1,4.36,5.41,6.58,29.7,2.55,132.0,0.438,0.368,0.158,57.1,203.0,MORB,-13.22,-112.33
50.37,2.49,13.07,13.61,0.2,5.5,10.01,2.9,0.2,0.24,6.72,21.2,3.78,19.0,6.21,2.21,8.4,1.43,9.69,2.09,6.04,0.851,5.71,0.845,21.7,43.51,4.88,5.77,47.2,2.41,148.0,0.39,0.315,0.134,54.2,176.0,MORB,13.0,-104.0
50.06,2.81,12.99,13.91,0.15,5.76,9.82,2.76,0.21,0.25,6.18,19.6,3.54,17.8,5.97,2.12,8.21,1.37,9.29,2.02,5.84,0.825,5.45,0.805,20.9,161.0,4.54,5.68,71.9,2.25,112.0,0.387,0.29,0.123,51.9,163.0,MORB,44.4,-130.2
50.434,2.07,14.65,11.1,0.2,6.87,11.4,2.71,0.19,0.25,5.46,16.8,2.93,14.3,4.64,1.64,6.32,1.06,7.07,1.52,4.47,0.629,4.14,0.617,20.4,229.0,3.62,4.89,71.0,2.33,134.0,0.322,0.27,0.113,39.7,135.0,MORB,44.3,-130.2
50.15,2.05,14.53,11.25,0.22,6.74,11.46,3.12,0.19,0.21,4.42,13.4,2.37,11.8,3.83,1.37,4.95,0.86,5.73,1.21,3.44,0.47,3.22,0.49,15.8,143.0,2.75,3.92,56.1,1.56,129.0,0.227,0.213,0.09,32.7,111.0,MORB,44.2,-129.7
49.98,2.01,14.87,11.51,0.2,6.7,11.36,2.99,0.2,0.19,5.39,16.1,2.74,13.4,4.19,1.49,5.34,0.93,6.2,1.33,3.69,0.5,3.5,0.53,20.7,158.0,3.06,5.23,69.0,2.11,155.0,0.31,0.263,0.114,35.8,129.0,MORB,44.3,-130.0
50.68,2.04,14.35,11.54,0.22,6.5,11.37,3.15,0.23,0.19,5.63,17.4,2.94,14.1,4.3,1.56,5.75,1.0,6.5,1.39,3.96,0.56,3.77,0.55,22.0,144.0,3.27,5.51,76.3,2.22,156.0,0.376,0.283,0.124,37.3,133.0,MORB,44.2,-129.5
50.92,1.94,14.18,11.5,0.15,6.42,11.1,2.79,0.23,0.21,5.65,17.2,2.96,14.1,4.39,1.55,5.75,1.0,6.5,1.38,3.89,0.56,3.81,0.56,22.1,111.0,3.23,5.46,58.3,2.24,155.0,0.333,0.277,0.121,37.3,134.0,MORB,20.877,-109.072
50.4,1.78,14.9,10.39,0.21,6.86,11.67,2.77,0.2,0.19,4.97,15.0,2.54,12.5,3.98,1.44,5.09,0.87,5.78,1.25,3.49,0.49,3.19,0.48,21.9,283.0,2.9,4.89,91.3,2.08,156.0,0.286,0.249,0.102,33.3,118.0,MORB,20.87,-109.08
50.38,1.75,14.86,10.32,0.16,7.12,11.54,2.74,0.2,0.16,4.88,15.1,2.59,12.6,3.94,1.44,5.23,0.9,5.8,1.23,3.55,0.5,3.27,0.48,21.5,277.0,2.86,4.79,91.3,2.02,153.0,0.299,0.25,0.107,33.3,116.0,MORB,20.875,-109.083
50.36,1.88,15.06,10.43,0.2,7.12,11.5,2.93,0.23,0.19,5.55,16.2,2.7,13.0,4.04,1.44,5.26,0.91,5.94,1.27,3.54,0.51,3.31,0.5,30.7,199.0,2.86,6.18,84.5,2.68,156.0,0.36,0.318,0.126,33.8,119.0,MORB,20.85,-109.05
49.9,2.22,15.93,10.12,0.17,6.46,10.92,3.19,0.6,0.27,10.3,25.9,3.89,16.7,4.51,1.58,5.48,0.89,5.4,1.15,3.19,0.45,2.93,0.45,110.0,197.0,3.22,15.0,102.0,7.45,270.0,0.815,0.8,0.3,30.2,140.0,MORB,20.86,-109.08
49.71,2.08,15.8,10.18,0.17,6.92,10.82,3.32,0.55,0.28,10.3,26.0,3.87,16.8,4.54,1.6,5.56,0.88,5.43,1.15,3.2,0.45,2.92,0.44,111.0,204.0,3.25,15.4,104.0,7.61,273.0,0.823,0.8,0.3,30.5,143.0,MORB,20.86,-109.08
50.12,1.13,15.26,9.61,0.16,8.1,12.71,2.41,0.05,0.1,1.63,5.9,1.15,6.47,2.48,0.972,3.49,0.653,4.48,0.982,2.81,0.418,2.68,0.407,2.25,383.0,1.7,0.892,67.8,0.233,79.7,0.0679,0.0483,0.0229,24.3,55.9,MORB,20.838,-109.09
50.78,2.05,13.48,11.76,0.2,6.87,11.31,2.74,0.2,0.18,3.99,13.0,2.4,12.2,4.24,1.47,5.72,1.02,7.12,1.48,4.4,0.658,4.16,0.626,8.6,232.0,3.3,3.13,89.1,2.29,84.6,0.247,0.189,0.29,40.1,117.0,MORB,20.838,-109.09
52.0033333333333,1.7866666666666668,14.643333333333333,10.396666666666667,0.20433333333333334,6.036666666666666,10.15,3.0500000000000003,0.34896666666666665,0.19709999999999997,6.837235548911444,17.35078413292101,2.524769054971286,12.515564386702769,3.851001469631004,1.3660020425553323,4.992531378575261,0.8616382237182106,5.769148184738576,1.225074088531784,3.5646945802410244,0.5031185169453178,3.4190996074505176,0.49567403672949206,46.53271228322702,107.15173926724508,2.8819047151642523,6.708416907962114,47.266107934032824,5.351619886504835,146.2431307016814,0.4095227067763329,0.633122567872422,0.17580313124245864,31.86108112359544,109.89277619656775,MORB,-14.17,66.1
51.75333333333333,1.4551333333333334,15.106666666666667,9.46,0.1552,7.033333333333332,10.76,2.89,0.2741,0.16240000000000002,5.797556166409365,15.253704023590279,2.2565049673858772,11.308678819223678,3.5212952102863415,1.2324830532893987,4.4654878767384885,0.7879324249451454,5.2276791904967865,1.122801776168768,3.2750135842594386,0.45638619211848347,3.1771552933632896,0.45801746874325744,38.4172643978286,183.86833225496056,2.6051842458825756,5.5076299466188345,76.33249045942448,4.551080639177399,136.92458996956466,0.3351329372765579,0.5101640461567856,0.1487761525152558,29.083421213303584,97.28588069202829,MORB,-14.17,66.1
52.165,1.6532499999999999,14.825,10.15,0.1676,6.365,10.254999999999999,3.08,0.34525,0.1809,7.027764038989208,18.012973700080682,2.610761658701122,13.226704949803603,4.081606176175825,1.4079164579810375,5.197943637588115,0.9122710588457742,6.017819718914368,1.2950170874868767,3.774130688709537,0.5249107503319868,3.6264768461958496,0.5259200285740396,46.494525529123564,136.81077231560195,2.973741610164614,6.86986314856362,63.213872081744,5.599813100447391,139.15529419498662,0.4133195113487291,0.6433497015712139,0.17967265386342965,33.318390255422635,113.75699911228541,MORB,-14.17,66.1
51.24333333333333,1.5337666666666667,14.886666666666668,10.106666666666667,0.17700000000000002,6.3,11.026666666666666,2.8800000000000003,0.47323333333333334,0.1818666666666667,9.560621028947402,21.744228571906703,2.919958190469435,13.569204881201363,3.84123195040889,1.3607716334719278,4.823169110549948,0.832244316225797,5.4944423616557145,1.1793133704355396,3.407075997143611,0.48712043712135555,3.325620937940743,0.48965484751265276,81.8923500480024,102.55174309681638,2.719302990144184,10.389970974280315,48.066349911737966,10.47137965934972,157.0641278566784,0.6109539606157844,1.1882923599219186,0.2967291858300336,30.904113105972385,103.79171337449533,MORB,-14.33,66.12
51.096666666666664,1.5280666666666667,15,9.846666666666666,0.17763333333333334,6.420000000000001,11.08,2.84,0.4501,0.168,9.23313354260769,21.180659016424624,2.8529858922580456,13.276518763810245,3.770161354278375,1.3217775480006855,4.7042421013070586,0.8156561130807866,5.386597998531836,1.1614290387021544,3.3517424994961815,0.4787340948735932,3.2711979700509524,0.47735643448740395,80.05169710481542,155.33403247953825,2.6809118659790285,10.048090164975124,51.77717628214844,9.974193614170492,153.82755910237853,0.5786764194770927,1.1545769363413483,0.27551500719391303,30.2797459677461,100.72436229737701,MORB,-14.33,66.12
51.14666666666667,1.5365666666666666,14.873333333333335,10.136666666666668,0.17513333333333334,6.29,10.969999999999999,2.8633333333333333,0.4813,0.1883,9.524131443189436,21.944322120388417,2.957658658069405,13.790171749968977,3.8973873392514835,1.3888307734418788,4.957604788516623,0.8446418836169957,5.618060360315749,1.2175581476970694,3.5451655407390343,0.49554321734304296,3.3846864264117777,0.5003976732026538,83.1528671102306,113.3395210133812,2.7951893040222724,10.361362889477855,47.11391612972296,10.222594385237388,156.17381845218694,0.5989704946460614,1.227982486707119,0.29296444536958255,30.834951633492224,103.87639406360567,MORB,-14.33,66.12
50.88999999999999,1.0290666666666668,15.893333333333333,8.506666666666666,0.15603333333333333,8.106666666666667,11.926666666666668,2.45,0.25453333333333333,0.10943333333333333,4.7356505423863915,11.373811426990008,1.607150502485359,8.053032648520213,2.4963525739448027,0.9283372591794993,3.193765565667679,0.5664141904833794,3.733838774530995,0.8101695753170316,2.362957155838922,0.33096562703820964,2.268822111750207,0.3358794682067024,42.172192904480724,369.16863440638275,1.705573086440931,4.932898840771208,119.97619564732584,4.854519390715219,138.73328680103768,0.2956517521144077,0.5126484137842767,0.13061667414066835,21.259657599559784,61.948737647679856,MORB,-14.48,66.23
50.60666666666666,1.1920666666666666,15.979999999999999,8.173333333333334,0.14803333333333332,7.646666666666666,11.74,2.5666666666666664,0.5203333333333333,0.1561,9.194531049986539,20.00661939885607,2.5520173537688238,11.209928145381392,3.009649486392135,1.0936206046957624,3.5481514283927034,0.6036301553853228,3.891957405332429,0.8423858787939805,2.4104763320962155,0.341818230000235,2.256652368498741,0.3410897737172614,91.76672671780538,321.9690039975893,2.1289913716493536,10.868292520543662,114.45911718386009,11.022923860543122,186.72920346216134,0.6303817507115316,1.23118584968387,0.30752387880739307,21.41969112683482,80.48757772773855,MORB,-14.48,66.23
50.663333333333334,1.2061333333333333,16.073333333333334,8.33,0.10826666666666666,7.616666666666667,11.836666666666666,2.603333333333333,0.5163000000000001,0.16496666666666665,9.492342500239848,20.4882527020585,2.6170835823772793,11.595664653682443,3.036804026265724,1.096990899109285,3.631069268179892,0.628318421064693,4.007863451703158,0.8538990540833392,2.4489884757914546,0.3426528527258384,2.331969437845999,0.339611071644327,94.21840487756343,329.85800944027415,2.1098631253964375,11.15670379114841,102.37882720818031,11.4525417525995,184.02216092943434,0.6429345317150904,1.2328232699438917,0.30790151674072413,22.249678919169373,83.72546131123663,MORB,-14.48,66.23
50.903333333333336,1.2025333333333335,15.723333333333334,8.586666666666666,0.13583333333333333,7.743333333333333,11.846666666666666,2.563333333333333,0.3232,0.11753333333333334,6.038555392735888,14.257613776256965,1.9967077154043509,9.49673616748354,2.875347630579865,1.0626341531110983,3.665445117050487,0.6438750284702194,4.232475436602136,0.9120093252734343,2.7144555200008385,0.38083590247976584,2.607417668072749,0.39164303245050974,52.6388238211571,337.55393811325126,1.9937744047697372,6.369250751116198,106.83406802414162,6.341138563040341,148.03617573183587,0.38504212946689975,0.6992025045194964,0.1805718510709371,23.784428656732285,73.82711240117173,MORB,-14.65,66.33
50.410000000000004,1.1801000000000001,15.666666666666666,9.316666666666668,0.15156666666666666,7.933333333333333,11.713333333333333,2.5466666666666664,0.16336666666666666,0.10586666666666666,6.622642407865051,15.67647882476489,2.1788203965869015,10.28141509786496,3.0531443009133046,1.1132134880543416,3.8733321959063027,0.6762971757584465,4.499455086564632,0.9650680425110435,2.8047914588037544,0.39245151717637894,2.731290802495504,0.4008122544018149,57.49393526888531,306.76544623874526,2.182025504125834,7.100921161617495,98.68626450576612,6.882252311947249,150.6653737200953,0.41656816971157595,0.7746737263895426,0.18845413937997035,25.327707556939334,81.34611140848081,MORB,-14.65,66.33
50.410000000000004,1.1801000000000001,15.666666666666666,9.316666666666668,0.15156666666666666,7.933333333333333,11.713333333333333,2.5466666666666664,0.16336666666666666,0.10586666666666666,4.871499681091818,12.286109188841086,1.8007925099896323,8.920361361433754,2.8121537946650403,1.0455278889476853,3.7142168635314783,0.6616724607988487,4.479898635605226,0.9735589645053756,2.8734961972124253,0.4062871076503814,2.7976855087744874,0.4113818367682451,38.19344121489997,330.99271321956013,1.9580611318791874,4.764150065439053,114.23116743075944,4.583955276997577,129.58080151105705,0.2807209778330435,0.5090157492852644,0.12024072314011881,25.578447591680856,72.70356692659003,MORB,-14.65,66.33
50.98,1.1882333333333335,15.636666666666665,8.833333333333334,0.1462,8.020000000000001,11.889999999999999,2.4433333333333334,0.20216666666666663,0.12633333333333333,4.164175596280851,10.667264379114767,1.6136327748528976,8.359671491025983,2.7819855181910835,1.0329464805138489,3.6858392988244244,0.6610469143141487,4.422544180333031,0.9658952202002178,2.790184383207387,0.39277882541182446,2.6952720829429655,0.394316285401714,38.56153006295829,378.36864551187796,1.9357341931225875,4.377673830991411,128.32663195708128,4.127964845061514,113.17837527029256,0.25755797713854417,0.3993048944782585,0.11159191916449535,24.83251840945387,66.74822251008577,MORB,-14.92,66.82
51.332499999999996,1.41725,15.4525,9.045,0.154975,7.545,11.080000000000002,2.7825,0.19327500000000003,0.13474999999999998,4.120028319989181,11.678257441437566,1.8639688221069273,10.028153077207895,3.3782924572194433,1.2314009232850343,4.487187453632655,0.7973269301947278,5.347313770173713,1.1482002427895905,3.358609490422967,0.46982163169832175,3.1565549742253656,0.46403658898587336,30.634887062680793,293.3183095103813,2.4228168234871017,3.9540801815286684,112.54435498700703,3.2850130133840523,116.47941853687011,0.24722244707150468,0.3318262980094191,0.10394584079671206,29.992774116828105,85.28922964080513,MORB,-15.12,66.98
51.343333333333334,1.4116,15.469999999999999,9.146666666666667,0.165,7.483333333333334,11.07,2.813333333333333,0.19096666666666665,0.14303333333333335,4.125975135936134,11.681579300944499,1.851028850152008,9.9208368766536,3.386883473102817,1.2144172476680126,4.5737577123345945,0.8066403747103367,5.353128563757553,1.1434654310129766,3.3690672502451027,0.4684167660883149,3.222249463312535,0.47121376471677817,30.736775745672727,294.8011490748328,2.42018358784462,3.9206301241299992,112.18899345513614,3.4059343243829723,116.15385112948978,0.23954765860947694,0.32950223931557465,0.09624686232673756,29.990750574414722,85.60772922698516,MORB,-15.12,66.98
51.224999999999994,1.45575,15.420000000000002,9.4025,0.1622,7.555,11.06,2.81,0.1987,0.13325,4.203311405516636,11.892135832385195,1.8871262351190616,10.159512406213146,3.4199009938963303,1.235620380309593,4.620793792137152,0.81287106202373,5.460115390466949,1.1630980868732033,3.393320015160205,0.4646309420437138,3.2061143488622235,0.48058326124278733,31.204418639128615,300.6081740542038,2.448400019014299,4.073431507365292,111.12324807320955,3.3967856732869848,116.11130481367927,0.24767907159117283,0.33593906195625395,0.09965158700591055,30.428554686141496,86.49587315168742,MORB,-15.12,66.98
51.457499999999996,1.3921249999999998,15.040000000000001,9.7,0.19474999999999998,7.557499999999999,11.14,2.5675,0.124375,0.12675,3.109480295851361,9.268534796397878,1.5576977489621229,8.65836337268151,3.1069042595722185,1.1501416768730415,4.4260987996921,0.7898669225860301,5.418233385288944,1.172973017074639,3.449277502040001,0.4773976170096486,3.3119119784063074,0.486108777880651,15.242529638282322,250.1725321373219,2.1871458794663527,2.5388430352347107,104.42083150801439,1.7292027867068234,92.24233007534924,0.1533784170046849,0.20708640574293216,0.06494329549463762,30.528089590329106,74.00784221942153,MORB,-15.35,67.2
51.4975,1.3982,14.9725,9.787500000000001,0.1837,7.51,11.132499999999999,2.6225,0.120725,0.121275,3.0862285171745403,9.170683528949947,1.5473557216787732,8.57005524527858,3.1354968849985334,1.1459226667979365,4.375420457824403,0.7870932835319443,5.30838954656149,1.1606327028111973,3.362347232129419,0.47524713786205214,3.270875939236298,0.48382763911899024,15.075006027297796,248.04243684485758,2.189477984642688,2.4994622459506357,103.06559305113102,1.6891637079162793,93.40785179844215,0.15419162864321453,0.20954635996894735,0.06159100281527987,30.18948293641465,73.11481777901419,MORB,-15.35,67.2
51.635,1.3342,15.052500000000002,9.9875,0.154425,7.56,11.18,2.62,0.1118,0.12587500000000001,3.1672402307346785,9.504958539176107,1.5972866874009244,8.879584933104923,3.2613818924563085,1.2028108608796255,4.497457376132066,0.8177648465810856,5.61421995532449,1.2281216691448897,3.576556908065363,0.4965436353059205,3.413073735054915,0.502929153810559,15.537151443927563,251.1078566779032,2.3037526908105317,2.604166651089843,104.60438075697773,1.690847199017293,94.16446344540442,0.1599379977333268,0.22585343910902986,0.06686320182945253,30.77804373158757,75.28542038779581,MORB,-15.35,67.2
51.336666666666666,1.1704999999999999,15.213333333333333,8.773333333333333,0.15236666666666668,7.89,12.093333333333334,2.5366666666666666,0.07390000000000001,0.08986666666666666,2.343739939850004,7.651538770671192,1.3171231233693257,7.306379969789082,2.69508859702801,1.0261005948241613,3.756905454054762,0.6673936145923097,4.578370879927306,0.9865159391882171,2.8707939921314423,0.40236042467999994,2.754831123340684,0.4055441530419988,8.648595557576323,387.4667864074558,1.8391134787414438,1.3192251408267521,100.77819407208152,0.8935068607134097,101.48160519792661,0.08400286318444794,0.10237138266714012,0.03728694138053094,25.565734260548485,64.05461419017662,MORB,-15.73,67.27
51.1725,1.1348249999999998,15.257499999999999,9.015,0.1665,7.8675,12.082500000000001,2.55,0.07515,0.08825,2.3992496808588775,7.811841170897309,1.3419887258182979,7.583024117552751,2.6990598420033898,1.0319084103389742,3.8080299515177862,0.6905178655303038,4.640321088401053,1.0247283361093533,2.953002914992467,0.4255077147803094,2.8619010223921806,0.4252567278972954,8.81111442381426,394.97009665121755,1.9253024925435476,1.2996993106076598,103.83264794161688,0.9322678662056747,103.32915956437985,0.08804467609217499,0.11027373740305448,0.036268794069615425,25.976057512584887,64.67119825238949,MORB,-15.73,67.27
51.182500000000005,1.134525,15.295,8.817499999999999,0.186225,7.977499999999999,12.0625,2.5299999999999994,0.080375,0.08107500000000001,2.3445995327147613,7.57396725884542,1.3034393978046497,7.365244622235007,2.666478091479882,1.0369359088442323,3.7637160159784386,0.6669675052278815,4.52077129591062,0.9891270716501279,2.885229118610875,0.4035109833971178,2.7835846158016797,0.40523930110645695,8.57640303186188,385.0292986085637,1.8665835008082505,1.3115557833343032,104.29026023912229,0.9115331347483274,102.12501470415889,0.0875570502637637,0.10432491541471667,0.035355164325947985,25.472877470620066,63.17959502437825,MORB,-15.73,67.27
50.580000000000005,1.269125,15.385000000000002,9.259999999999998,0.1834,7.3325,11.8675,2.9499999999999997,0.2048,0.129875,4.573581045209344,12.321499102085303,1.8744807457806874,9.544071689832407,3.0745731692432887,1.142948187086643,3.95077304917073,0.7160884977691894,4.713091727103719,1.0260494143033105,3.037736983922555,0.42620173407240936,2.9317789849996125,0.4394936768168831,32.64444858484121,312.7882618973659,2.2031644279553952,4.2664722740418854,77.54055244484526,3.4389894140351553,147.61338251196278,0.2655267885754291,0.38302956264501403,0.11669959816035136,26.092644485073,80.37150279604082,MORB,-16.9,66.8
50.622499999999995,1.2207000000000001,15.5425,9.182500000000001,0.16909999999999997,7.5125,11.86,2.935,0.19145,0.125925,4.319611118113921,11.807884793265979,1.8092233314700887,9.273707006524695,2.9460251443959558,1.1192464820175028,3.8430482720754213,0.685572706375229,4.580069645717674,0.9787599348921378,2.8481227466266783,0.4021256022350688,2.7823671066546027,0.41284959300140556,30.860743719978014,315.66505181434337,2.068078123495557,3.986855103419716,81.36132246238579,3.250613150979053,144.59546899120247,0.23772621652671896,0.34200017881830447,0.1047874142940024,25.66266367500756,77.53181790965577,MORB,-16.9,66.8
50.673333333333325,1.2163000000000002,15.516666666666666,9.129999999999999,0.1858666666666667,7.489999999999999,11.783333333333333,2.9299999999999997,0.20026666666666668,0.13963333333333333,4.1625083557775975,11.313277349254287,1.7407920548279392,8.817675241448647,2.8453809619827726,1.0926574724331888,3.761283033041677,0.6621675336073405,4.431960766292156,0.954479688599632,2.758043483942774,0.39015971022794466,2.6837775707067704,0.3928249537693276,29.972977927218796,308.5495531333294,1.9917728945493895,3.907842579978027,78.20009386821322,3.265290126161192,145.40177792454256,0.2311153876894058,0.33314950540570215,0.10361997021767244,24.59596151301996,74.64594966552717,MORB,-16.9,66.8
51.49,1.78,14.93,10.18,0.19,7.21,10.73,3.02,0.268,0.188,7.88,19.9,2.9,14.64,4.65,1.64,5.96,1.01,6.75,1.43,4.13,0.58,3.86,0.58,66.1,208,3.51,9.33,88,5.12,165,0.578,0.625,0.187,38,134,MORB,15.412,-46.682
51.43,1.78,15.01,10.14,0.189,7.23,10.75,3.01,0.267,0.186,7.84,19.88,2.89,14.68,4.58,1.64,5.89,1,6.62,1.41,4.06,0.58,3.8,0.57,65.9,206,3.43,9.4,89,5.1,166,0.568,0.605,0.186,38,133,MORB,15.412,-46.682
52.59,1.7,14.91,9.89,0.185,6.95,10.44,2.88,0.264,0.186,7.31,19.16,2.77,13.85,4.33,1.58,5.38,0.92,6.14,1.29,3.76,0.54,3.58,0.53,63.6,201,3.17,9.13,85,4.94,164,0.537,0.553,0.164,35,123,MORB,15.41,-46.68
52.44,1.71,14.95,9.92,0.186,6.96,10.49,2.89,0.264,0.187,7.56,19.61,2.84,14.26,4.45,1.61,5.56,0.95,6.35,1.35,3.88,0.56,3.66,0.54,64.7,201,3.28,9.33,86,5.08,163,0.553,0.567,0.169,36,128,MORB,15.41,-46.68
51.95,1.75,15.08,9.92,0.186,7.03,10.71,2.94,0.27,0.177,7.79,20.01,2.92,14.68,4.56,1.65,5.71,0.98,6.53,1.37,3.99,0.57,3.76,0.56,66,204,3.35,9.54,86,5.17,167,0.566,0.584,0.17,37,130,MORB,15.41,-46.68
52.3,1.72,14.91,9.94,0.186,7.04,10.53,2.93,0.27,0.182,7.61,19.86,2.86,14.31,4.42,1.62,5.52,0.95,6.27,1.32,3.82,0.54,3.62,0.53,65.3,201,3.24,9.35,85,5.18,165,0.548,0.562,0.174,36,127,MORB,15.41,-46.68
52.49,1.71,14.87,9.88,0.185,7.04,10.45,2.92,0.269,0.185,7.31,19.29,2.76,13.77,4.25,1.57,5.27,0.91,5.99,1.27,3.67,0.52,3.46,0.51,63.7,201,3.09,9.09,87,5.06,160,0.523,0.538,0.162,35,122,MORB,15.41,-46.68
52.75,1.71,14.63,9.96,0.187,7.05,10.33,2.92,0.27,0.188,7.3,19.19,2.75,13.72,4.23,1.56,5.33,0.91,6.04,1.28,3.7,0.53,3.51,0.52,63.4,202,3.15,9.1,87,5.05,159,0.532,0.543,0.163,35,123,MORB,15.41,-46.68
52.08,1.73,15.22,9.86,0.184,6.99,10.57,2.91,0.268,0.181,7.51,19.6,2.82,14.11,4.35,1.6,5.46,0.94,6.17,1.31,3.79,0.54,3.55,0.53,64.7,200,3.21,9.27,86,5.11,164,0.541,0.553,0.166,36,126,MORB,15.41,-46.68
52.04,1.74,14.95,9.96,0.187,7.13,10.56,2.98,0.275,0.18,7.56,19.62,2.83,14.14,4.37,1.61,5.48,0.94,6.22,1.31,3.81,0.54,3.58,0.53,64.7,203,3.21,9.32,87,5.16,165,0.536,0.556,0.165,36,127,MORB,15.41,-46.68
52.11,1.74,14.98,9.94,0.185,7.06,10.56,2.96,0.275,0.184,7.8,19.96,2.92,14.67,4.52,1.65,5.72,0.98,6.46,1.37,3.96,0.56,3.7,0.55,65.8,201,3.37,9.43,84,5.15,166,0.584,0.575,0.168,37,131,MORB,15.41,-46.68
52.71,1.72,14.77,9.85,0.184,6.98,10.36,2.95,0.273,0.187,7.25,19.22,2.73,13.6,4.18,1.55,5.2,0.89,5.89,1.25,3.6,0.51,3.4,0.5,63.5,200,3.05,9.02,85,5.14,160,0.514,0.53,0.161,34,121,MORB,15.41,-46.68
52.67,1.73,14.73,9.94,0.185,7.03,10.32,2.94,0.272,0.19,7.24,19.11,2.7,13.55,4.19,1.56,5.23,0.89,5.95,1.25,3.62,0.52,3.42,0.51,63.5,200,3.09,8.89,86,5.02,163,0.518,0.534,0.161,34,121,MORB,15.41,-46.68
52.45,1.74,14.85,9.98,0.185,7.02,10.38,2.93,0.274,0.193,7.47,19.38,2.79,13.92,4.3,1.59,5.39,0.92,6.1,1.29,3.73,0.53,3.53,0.52,64.4,200,3.17,9.21,84,5.11,164,0.529,0.609,0.181,36,126,MORB,15.41,-46.68
51.94,1.77,14.97,9.99,0.186,7.15,10.54,2.99,0.28,0.184,7.69,19.44,2.87,14.39,4.45,1.6,5.72,0.97,6.46,1.36,3.94,0.56,3.72,0.55,63.3,201,3.29,9.31,85,4.79,162,0.566,0.595,0.168,37,130,MORB,15.41,-46.68
52.38,1.73,14.88,9.87,0.184,7.14,10.39,2.98,0.276,0.187,7.5,19.19,2.81,14.15,4.34,1.56,5.54,0.94,6.26,1.31,3.81,0.54,3.59,0.53,62.7,198,3.18,9.11,88,4.78,159,0.546,0.575,0.164,35,126,MORB,15.41,-46.68
52.5,1.74,14.81,9.89,0.184,7.07,10.36,2.98,0.278,0.188,7.46,19.19,2.78,14,4.33,1.54,5.52,0.94,6.22,1.31,3.81,0.54,3.6,0.53,62.6,198,3.19,9.12,85,4.83,159,0.549,0.572,0.167,36,126,MORB,15.41,-46.68
52.9,1.72,14.6,9.9,0.182,7,10.25,2.98,0.28,0.195,7.2,18.67,2.69,13.49,4.15,1.5,5.33,0.9,5.97,1.26,3.66,0.52,3.47,0.51,61.2,198,3.07,8.81,86,4.58,164,0.53,0.556,0.164,33,118,MORB,15.41,-46.68
52.04,1.76,15.17,9.88,0.183,7.07,10.48,2.97,0.277,0.189,7.73,19.31,2.85,14.42,4.48,1.6,5.81,0.98,6.55,1.38,4.04,0.57,3.78,0.56,63.1,198,3.38,9.28,83,4.81,163,0.579,0.607,0.167,37,132,MORB,15.41,-46.68
52.1,1.79,14.84,10,0.186,7.07,10.54,2.98,0.289,0.185,7.76,19.97,2.92,14.64,4.5,1.62,5.74,0.97,6.46,1.36,3.95,0.55,3.72,0.55,64.6,203,3.3,9.36,80,4.87,161,0.569,0.6,0.173,37,130,MORB,15.41,-46.68
52.39,1.76,14.7,9.98,0.185,7.06,10.45,3,0.284,0.188,7.57,19.67,2.86,14.32,4.36,1.58,5.56,0.94,6.25,1.32,3.8,0.54,3.6,0.53,64.1,201,3.2,9.19,84,4.88,161,0.549,0.581,0.17,36,127,MORB,15.41,-46.68
52.47,1.78,14.66,9.98,0.185,7.01,10.47,2.98,0.284,0.191,7.57,19.56,2.84,14.28,4.39,1.59,5.62,0.95,6.34,1.33,3.88,0.55,3.65,0.54,63.7,203,3.26,9.18,83,4.92,160,0.556,0.592,0.172,36,128,MORB,15.41,-46.68
52.02,1.8,15.03,9.96,0.184,7.06,10.56,2.93,0.28,0.184,7.65,19.58,2.86,14.41,4.42,1.59,5.69,0.97,6.41,1.35,3.91,0.56,3.68,0.55,63.8,202,3.31,9.19,86,4.83,161,0.578,0.598,0.17,36,128,MORB,15.41,-46.68
51.67,1.8,15.09,10.05,0.186,7.17,10.58,2.98,0.285,0.188,8.16,20.19,2.99,15.23,4.75,1.69,6.18,1.05,6.98,1.47,4.3,0.6,4,0.6,65.7,201,3.63,9.58,87,4.92,168,0.608,0.647,0.176,39,139,MORB,15.41,-46.68
52.2,1.77,14.82,9.93,0.185,7.14,10.48,3,0.286,0.187,7.61,19.6,2.86,14.35,4.4,1.6,5.62,0.95,6.32,1.32,3.87,0.55,3.64,0.54,64.1,201,3.27,9.13,85,4.88,163,0.556,0.594,0.175,36,128,MORB,15.41,-46.68
51.72,1.75,15.09,10.04,0.187,7.18,10.63,2.95,0.26,0.188,7.71,19.42,2.82,14.44,4.51,1.59,5.81,0.99,6.58,1.4,4.06,0.57,3.79,0.57,63.9,203,3.39,9.15,89,4.98,162,0.565,0.593,0.185,38,133,MORB,15.412,-46.682
51.65,1.77,14.91,10.11,0.189,7.21,10.7,3.01,0.265,0.186,7.88,19.97,2.91,14.69,4.61,1.64,5.91,1.01,6.7,1.42,4.12,0.58,3.86,0.57,65.7,206,3.46,9.4,89,5.11,165,0.573,0.607,0.187,38,134,MORB,15.412,-46.682
52,1.73,15.15,9.9,0.187,6.98,10.7,2.91,0.268,0.179,7.82,20.18,2.95,14.86,4.65,1.66,5.83,1,6.67,1.41,4.1,0.59,3.89,0.57,66.4,203,3.43,9.55,86,5.06,167,0.577,0.601,0.176,37,132,MORB,15.41,-46.68
52.04,1.36,15.23,9.43,0.178,7.88,10.81,2.73,0.197,0.141,10.41,26.35,3.71,18.77,5.7,1.95,7.26,1.23,8.14,1.71,5,0.7,4.67,0.69,84.8,274,4.37,13.1,115,7.27,149,0.782,0.834,0.271,46,168,MORB,15.438,-46.601
51.43,1.35,15.5,9.28,0.176,8.14,11.05,2.66,0.233,0.183,9.13,21.13,2.8,13.54,3.92,1.43,4.96,0.84,5.55,1.17,3.43,0.48,3.18,0.47,67.8,310,2.75,9.87,124,5.05,161,0.582,0.818,0.262,31,105,MORB,15.443,-46.577
52.26,1.17,15.56,8.81,0.172,7.6,11.59,2.59,0.133,0.114,4.24,11.66,1.78,9.3,3.05,1.19,4.09,0.72,4.75,1.01,2.95,0.41,2.76,0.41,34.6,348,2.17,4.7,72,2.65,129,0.297,0.31,0.103,26,77,MORB,15.446,-35.591
52.31,1.62,14.97,10.19,0.189,7.12,10.2,2.89,0.302,0.21,9.16,22.78,3.2,16.15,4.93,1.72,6.36,1.08,7.07,1.5,4.36,0.62,4.04,0.6,76.2,207,3.78,11.36,93,6.39,150,0.704,0.768,0.239,39,143,MORB,15.477,-46.556
52.31,1.62,15.15,10.08,0.188,6.87,10.42,2.88,0.292,0.203,8.24,20.47,2.82,14.01,4.25,1.52,5.44,0.93,6.09,1.28,3.74,0.52,3.47,0.51,75.5,211,3.16,10.49,81,5.99,151,0.635,0.701,0.223,34,120,MORB,15.479,-46.559
52.2,1.36,15.17,9.27,0.176,8.03,10.65,2.71,0.267,0.169,5.79,15.08,2.17,11.12,3.56,1.36,4.69,0.81,5.37,1.13,3.32,0.46,3.06,0.46,50,317,2.56,6.71,135,3.77,147,0.411,0.447,0.158,30,95,MORB,15.492,-46.537
52.23,1.4,15.08,9.46,0.179,7.96,10.52,2.72,0.271,0.178,7.62,19,2.61,12.9,3.88,1.41,4.93,0.83,5.45,1.15,3.34,0.47,3.1,0.46,71.7,303,2.83,9.85,132,5.75,150,0.582,0.649,0.211,30,108,MORB,15.497,-46.541
51.75,1.41,15.03,9.7,0.183,8.31,10.58,2.71,0.18,0.137,5.73,15.03,2.22,11.59,3.82,1.42,5.04,0.89,5.91,1.25,3.65,0.52,3.45,0.5,46.1,318,2.81,6.25,142,3.53,137,0.389,0.433,0.137,33,102,MORB,15.499,-46.66
51.35,1.78,15.19,10.12,0.188,7.19,10.76,2.97,0.262,0.189,7.94,20.05,2.92,14.89,4.66,1.66,5.97,1.02,6.78,1.43,4.14,0.59,3.86,0.58,66.6,205,3.5,9.41,88,5.14,166,0.575,0.612,0.187,38,135,MORB,15.5,-46.668
51.45,1.69,15.23,9.85,0.182,7.47,10.72,2.93,0.289,0.19,4.51,11.84,1.6,7.56,2.19,0.87,2.43,0.41,2.78,0.58,1.66,0.24,1.63,0.24,46.6,267,1.38,6.19,109,3.54,141,0.332,0.403,0.141,14,52,MORB,15.5,-46.668
51.11,1.65,15.07,9.91,0.184,8.05,10.64,2.91,0.282,0.186,8.16,19.98,2.87,14.52,4.52,1.62,5.83,1,6.59,1.4,4.05,0.57,3.77,0.56,73.4,275,3.4,10.03,133,5.7,168,0.626,0.682,0.204,37,129,MORB,15.5,-46.668
51.57,1.4,15.5,9.26,0.175,8.05,10.87,2.69,0.3,0.167,7.83,19.17,2.66,13,3.85,1.41,4.76,0.81,5.35,1.13,3.28,0.46,3.11,0.46,79.3,289,2.79,10.61,125,6.23,171,0.644,0.749,0.23,29,106,MORB,15.5,-46.608
51.16,1.56,15.11,9.38,0.171,7.9,11.14,3.03,0.329,0.227,6.7,16.35,2.24,10.78,3.19,1.22,3.86,0.66,4.33,0.91,2.66,0.38,2.51,0.37,68.3,278,2.27,9.49,121,6.21,156,0.527,0.757,0.217,30,93,MORB,15.5,-46.61
51.34,1.42,15.52,9.22,0.175,8.1,11,2.75,0.307,0.162,7.82,19.03,2.64,12.87,3.85,1.4,4.71,0.8,5.3,1.12,3.24,0.46,3.08,0.46,79.3,295,2.75,10.64,127,6.2,173,0.646,0.737,0.227,29,107,MORB,15.5,-46.608
51.08,1.45,15.54,9.25,0.176,8.14,11.09,2.79,0.313,0.165,7.92,19.05,2.67,13.15,3.91,1.41,4.85,0.82,5.47,1.15,3.36,0.47,3.18,0.47,79.7,296,2.84,10.73,127,6.24,173,0.658,0.756,0.227,30,109,MORB,15.5,-46.608
51.16,1.56,15.07,9.37,0.17,7.85,11.21,3.04,0.332,0.23,6.76,16.82,2.29,11.12,3.24,1.25,3.92,0.66,4.36,0.92,2.65,0.38,2.52,0.37,70,275,2.3,9.58,121,6.32,155,0.54,0.76,0.23,29,90,MORB,15.5,-46.61
51.59,1.56,14.69,9.84,0.178,7.68,10.93,3.04,0.272,0.212,5.79,14.28,2.07,10.44,3.22,1.22,4.09,0.7,4.61,0.99,2.88,0.41,2.73,0.4,53.2,218,2.33,7.47,109,5.03,130,0.431,0.626,0.173,31,89,MORB,15.5,-46.61
51.65,1.42,15.2,9.73,0.183,7.91,10.78,2.73,0.248,0.155,6.71,17.14,2.47,12.32,3.79,1.42,4.76,0.82,5.48,1.15,3.34,0.48,3.23,0.48,64,228,2.69,8.69,113,5.05,150,0.507,0.581,0.181,31,103,MORB,15.503,-46.614
50.89,1.25,15.95,8.97,0.17,8.5,11.38,2.58,0.185,0.126,5.16,13.59,1.99,10.22,3.25,1.22,4.14,0.71,4.79,1.01,2.93,0.42,2.81,0.42,45.7,367,2.27,6.27,137,3.47,153,0.378,0.422,0.144,26,84,MORB,15.507,-46.621
51.12,1.44,15.31,9.8,0.184,8.36,10.71,2.72,0.208,0.146,6.05,15.87,2.35,12.11,3.91,1.43,5.04,0.87,5.82,1.23,3.57,0.51,3.4,0.51,50.3,316,2.8,7.29,141,3.98,150,0.447,0.494,0.155,33,106,MORB,15.508,-46.625
51.33,1.32,15.35,9.1,0.17,8.63,11,2.49,0.439,0.161,4.48,12.13,1.75,8.69,2.75,1.1,3.39,0.59,3.85,0.84,2.38,0.35,2.26,0.34,39.8,350,1.85,5.59,133,3.71,138,0.327,0.446,0.149,27,73,MORB,15.51,-46.62
50.76,1.29,15.85,9.19,0.174,8.43,11.32,2.68,0.186,0.124,5.3,13.7,2.04,10.61,3.46,1.29,4.57,0.78,5.27,1.13,3.29,0.46,3.11,0.47,44.5,345,2.5,6.21,134,3.44,154,0.386,0.429,0.132,30,93,MORB,15.511,-46.631
51.49,1.23,15.93,8.93,0.171,8.17,11.21,2.59,0.171,0.115,4.83,12.66,1.89,9.8,3.18,1.21,4.09,0.71,4.75,1,2.92,0.41,2.8,0.41,41.7,371,2.21,5.73,124,3.09,150,0.349,0.383,0.125,25,80,MORB,15.512,-46.636
51.61,1.64,15.18,10.22,0.192,7.02,10.87,2.86,0.246,0.166,7.07,18.37,2.7,13.92,4.43,1.59,5.7,0.98,6.57,1.39,4.04,0.57,3.81,0.57,57.6,318,3.23,8.51,83,4.59,152,0.524,0.577,0.18,37,120,MORB,15.512,-46.635
51.82,1.25,15.65,9,0.172,8.04,11.17,2.59,0.181,0.124,4.97,13.3,1.94,9.91,3.13,1.2,4.03,0.7,4.64,0.99,2.86,0.41,2.73,0.4,43.2,343,2.18,6.04,118,3.31,146,0.359,0.39,0.129,26,83,MORB,15.514,-46.636
51.54,1.26,15.78,9.08,0.173,8.09,11.19,2.58,0.179,0.126,5.1,13.39,1.99,10.16,3.25,1.23,4.17,0.73,4.84,1.02,2.98,0.42,2.83,0.42,43.4,340,2.26,6.17,116,3.35,148,0.368,0.401,0.133,27,86,MORB,15.514,-46.636
51.23,1.26,15.88,9.09,0.173,8.25,11.23,2.59,0.178,0.125,5.1,13.35,1.99,10.25,3.27,1.23,4.2,0.73,4.88,1.03,3.04,0.42,2.86,0.42,43.5,340,2.29,6.18,124,3.31,151,0.369,0.406,0.127,27,87,MORB,15.514,-46.636
51.77,1.72,14.87,10.92,0.201,6.94,10.22,2.9,0.284,0.182,8.66,21.55,3.03,15.34,4.79,1.73,6.26,1.08,7.19,1.53,4.49,0.64,4.19,0.62,75.3,151,3.59,10.5,83,5.81,150,0.654,0.723,0.223,40,132,MORB,15.52,-46.679
51.69,1.66,15.19,10.22,0.189,7.3,10.45,2.82,0.296,0.188,8.6,22.39,3.16,15.6,4.71,1.67,5.67,0.98,6.5,1.36,3.96,0.56,3.81,0.56,80.4,265,3.33,11.13,107,6.31,168,0.673,0.772,0.246,35,125,MORB,15.528,-46.704
51.68,1.67,15.13,10.24,0.19,7.34,10.4,2.85,0.315,0.201,9.09,23.4,3.28,16.16,4.88,1.71,5.91,1.01,6.73,1.42,4.14,0.59,3.97,0.59,83.7,245,3.54,11.6,106,6.66,168,0.716,0.844,0.268,36,132,MORB,15.537,-46.702
49.86,1.2,16.29,9.45,0.173,8.94,11.11,2.7,0.171,0.11,4.77,12.51,1.86,9.52,3.1,1.19,4.01,0.69,4.78,1.03,3.04,0.43,2.96,0.45,43.8,345,2.22,5.61,167,3.33,170,0.354,0.411,0.135,26,82,MORB,15.554,-46.699
52.5,1.4,15.23,9.52,0.179,7.49,10.65,2.73,0.176,0.135,5.42,14.72,2.15,11.28,3.69,1.38,4.93,0.85,5.68,1.21,3.55,0.5,3.34,0.49,44.2,331,2.71,6,112,3.5,135,0.359,0.404,0.134,33,103,MORB,15.588,-46.607
52.55,1.4,15.2,9.54,0.179,7.48,10.6,2.73,0.176,0.138,5.51,14.77,2.18,11.37,3.75,1.39,5.03,0.87,5.81,1.23,3.61,0.51,3.39,0.5,44.2,325,2.78,6.04,111,3.5,134,0.368,0.41,0.134,33,103,MORB,15.588,-46.606
52.44,1.43,15.16,9.65,0.181,7.39,10.68,2.75,0.179,0.139,5.79,15.38,2.28,12.04,3.94,1.46,5.25,0.91,6.11,1.29,3.83,0.53,3.55,0.53,46.2,319,2.9,6.26,104,3.6,136,0.386,0.43,0.139,34,109,MORB,15.588,-46.606
52.07,1.96,14.78,11,0.201,6.63,9.73,3.07,0.331,0.236,9.46,23.68,3.31,16.83,5.08,1.76,6.49,1.11,7.22,1.52,4.44,0.63,4.14,0.61,77.8,177,3.9,11.8,89,6.67,147,0.71,0.792,0.248,41,149,MORB,15.596,-46.588
51.33,1.33,15.53,9.31,0.179,7.94,11.46,2.63,0.169,0.119,5.02,13.44,2.05,10.82,3.66,1.37,4.75,0.83,5.71,1.22,3.59,0.51,3.45,0.52,43.4,340,2.57,5.87,112,3.19,136,0.378,0.422,0.136,30,88,MORB,15.616,-46.672
51.25,1.33,15.58,9.34,0.18,7.95,11.44,2.64,0.166,0.121,5.03,13.18,2.03,10.89,3.7,1.37,4.91,0.87,5.96,1.28,3.76,0.54,3.6,0.54,42.5,340,2.72,5.78,111,3.16,136,0.378,0.433,0.132,32,91,MORB,15.616,-46.672
51.7,1.4,15.52,9.4,0.18,7.65,11.17,2.65,0.199,0.136,5.72,15.26,2.27,11.64,3.78,1.39,4.8,0.84,5.68,1.21,3.54,0.5,3.41,0.51,51,340,2.69,7.01,105,3.85,145,0.437,0.498,0.162,30,94,MORB,15.617,-46.666
51.41,1.39,15.53,9.48,0.182,7.62,11.39,2.68,0.185,0.126,5.33,14.04,2.14,11.19,3.7,1.38,4.74,0.84,5.72,1.21,3.55,0.5,3.44,0.51,46.1,337,2.61,6.32,99,3.39,138,0.397,0.456,0.151,30,88,MORB,15.617,-46.669
51.36,1.8,14.98,10.17,0.19,7.2,10.8,3.04,0.269,0.189,7.92,19.95,2.89,14.69,4.64,1.66,5.96,1.02,6.69,1.42,4.13,0.58,3.85,0.57,66.6,206,3.52,9.46,86,5.08,167,0.585,0.615,0.188,38,135,MORB,15.623,-46.69
51.9,1.24,15.3,9.56,0.175,7.8,11.4,2.27,0.272,0.136,7.57,17.14,2.26,10.87,3.23,1.21,4.1,0.69,4.59,0.96,2.79,0.4,2.65,0.4,80,289,2.29,10.71,120,5.97,163,0.635,0.689,0.194,26,84,MORB,13.223,-44.825
50.9,1.06,15.3,9.03,0.166,9.1,11.99,2.16,0.204,0.103,5.64,13.5,1.79,8.63,2.46,0.94,3.02,0.5,3.27,0.69,1.98,0.28,1.83,0.27,50.8,402,1.72,7.1,158,3.79,154,0.428,0.456,0.132,18,67,MORB,14.752,-45.08
50.6,1.04,15.4,8.96,0.165,9.2,12.18,2.11,0.196,0.098,5.54,13.18,1.76,8.43,2.41,0.93,2.96,0.49,3.24,0.68,1.94,0.28,1.83,0.27,49.9,419,1.69,6.96,157,3.68,156,0.423,0.449,0.13,18,66,MORB,14.752,-45.08
50.8,1.03,15.4,8.94,0.164,9.1,12.08,2.14,0.196,0.099,5.48,13.26,1.77,8.36,2.38,0.94,2.89,0.48,3.18,0.66,1.91,0.27,1.8,0.26,50.5,414,1.65,6.83,157,3.7,154,0.419,0.446,0.132,18,63,MORB,14.752,-45.08
50.8,1.06,15.4,9.05,0.166,9.1,11.99,2.15,0.203,0.104,5.8,13.92,1.85,8.86,2.51,0.98,3.06,0.51,3.33,0.7,2.01,0.28,1.88,0.28,52.6,400,1.74,7.19,158,3.86,158,0.441,0.48,0.14,19,67,MORB,14.752,-45.08
50.6,1.04,15.6,8.98,0.165,9,12.16,2.14,0.196,0.101,5.77,13.76,1.84,8.82,2.54,0.98,3.11,0.52,3.39,0.71,2.02,0.29,1.91,0.29,52.4,410,1.77,7.1,152,3.79,161,0.444,0.482,0.135,19,67,MORB,14.752,-45.08
50.8,1.04,15.3,9.07,0.166,9.2,11.95,2.15,0.201,0.104,5.74,13.72,1.84,8.76,2.51,0.97,3.03,0.51,3.29,0.69,1.99,0.28,1.88,0.28,52.3,404,1.73,7.18,165,3.83,159,0.439,0.474,0.137,18,66,MORB,14.752,-45.08
49.5,1.03,16.4,9.27,0.172,9.5,11.75,2.17,0.202,0.091,5.65,13.39,1.79,8.59,2.49,0.96,3.04,0.51,3.32,0.7,2.01,0.28,1.89,0.28,51.1,468,1.75,6.99,185,3.72,159,0.437,0.471,0.133,18,66,MORB,14.752,-45.08
50.9,1.03,15.5,8.95,0.166,9.3,11.73,2.17,0.202,0.1,5.77,13.74,1.89,9.11,2.6,1,3.15,0.53,3.46,0.72,2.1,0.3,1.96,0.3,49.9,427,1.81,6.96,168,3.83,156,0.448,0.494,0.144,19,68,MORB,14.75,-45.08
51,1.03,15.5,8.92,0.165,9.3,11.69,2.13,0.199,0.103,5.88,13.75,1.92,9.27,2.67,1.02,3.25,0.55,3.58,0.74,2.14,0.31,2.03,0.31,50.5,407,1.87,6.83,167,3.85,154,0.461,0.491,0.147,20,71,MORB,14.75,-45.08
50.7,1.03,15.7,8.94,0.166,9.3,11.78,2.13,0.199,0.102,5.82,13.59,1.88,9.17,2.65,1.01,3.24,0.55,3.59,0.75,2.17,0.31,2.03,0.31,52.6,407,1.88,7.19,168,3.82,158,0.459,0.528,0.155,20,70,MORB,14.75,-45.08
50.7,1.04,15.6,8.97,0.166,9.3,11.79,2.14,0.201,0.101,5.79,13.73,1.9,9.16,2.65,1.01,3.17,0.53,3.5,0.74,2.13,0.3,2,0.3,52.4,418,1.85,7.1,167,3.81,161,0.455,0.531,0.15,19,69,MORB,14.75,-45.08
49.8,1.04,16.2,8.89,0.165,9.3,12.23,2.11,0.193,0.094,5.95,13.5,1.9,9.32,2.72,1.04,3.35,0.56,3.74,0.78,2.26,0.32,2.11,0.32,52.3,427,1.96,7.18,159,3.69,159,0.469,0.522,0.152,21,74,MORB,14.75,-45.08
51,1.31,15.5,9.4,0.172,7.8,11.89,2.46,0.3,0.143,5.37,12.88,1.76,8.52,2.42,0.94,2.94,0.49,3.24,0.67,1.94,0.27,1.84,0.27,49.9,234,1.67,6.87,96,3.76,158,0.417,0.458,0.134,18,65,MORB,14.867,-45.026
50.9,1.31,15.7,9.36,0.171,7.8,11.92,2.46,0.299,0.142,5.59,13.32,1.82,8.93,2.54,0.97,3.09,0.52,3.38,0.7,2.04,0.29,1.9,0.28,51.2,233,1.76,7.07,97,3.85,158,0.433,0.479,0.137,19,67,MORB,14.867,-45.026
50.6,1.02,16,8.96,0.167,8.8,11.95,2.21,0.222,0.107,5.81,13.59,1.8,8.72,2.45,0.95,3.05,0.52,3.4,0.71,2.1,0.3,1.98,0.3,58.3,370,1.7,7.8,137,4.65,131,0.478,0.525,0.151,19,64,MORB,14.958,-45.006
50.2,1.05,16,9.07,0.169,8.8,12.14,2.25,0.229,0.107,5.72,13.41,1.83,8.99,2.57,0.98,3.2,0.54,3.5,0.72,2.11,0.3,1.97,0.3,51.2,371,1.85,7.13,131,3.88,158,0.444,0.49,0.139,20,71,MORB,14.958,-45.006
50.5,1.04,15.9,9.07,0.168,8.8,12.04,2.22,0.227,0.106,5.31,12.68,1.73,8.39,2.4,0.93,2.94,0.49,3.23,0.68,1.94,0.28,1.85,0.27,49,370,1.68,6.77,136,3.7,154,0.414,0.451,0.133,18,64,MORB,14.958,-45.006
50.3,1.05,16,9.09,0.169,8.7,12.12,2.23,0.228,0.107,5.36,12.86,1.75,8.51,2.43,0.95,2.95,0.5,3.27,0.68,1.95,0.28,1.86,0.27,49.8,377,1.69,6.79,126,3.71,156,0.416,0.457,0.135,18,64,MORB,14.958,-45.006
50.3,1.04,16.1,9.02,0.168,8.7,12.07,2.22,0.224,0.107,5.56,13.39,1.82,8.87,2.52,0.97,3.04,0.51,3.31,0.7,2.01,0.28,1.9,0.28,51.6,369,1.75,7.15,135,3.9,157,0.432,0.47,0.139,19,67,MORB,14.958,-45.006
51.3,1.11,15.3,8.9,0.165,8.8,11.81,2.26,0.289,0.12,5.75,13.19,1.77,8.59,2.46,0.93,3.07,0.52,3.47,0.73,2.13,0.3,1.99,0.3,56.2,366,1.74,7.77,135,4.51,130,0.473,0.523,0.145,20,67,MORB,15.033,-44.939
51.4,1.11,15.2,8.9,0.166,8.9,11.78,2.26,0.289,0.119,5.82,13.44,1.79,8.69,2.49,0.93,3.1,0.53,3.49,0.73,2.13,0.3,2.02,0.31,57.4,362,1.73,7.83,133,4.64,130,0.479,0.53,0.148,20,67,MORB,15.033,-44.939
51.4,1.11,15.3,8.9,0.166,8.7,11.81,2.25,0.29,0.119,5.8,13.44,1.8,8.75,2.48,0.93,3.08,0.53,3.46,0.72,2.12,0.3,2.02,0.3,57.5,361,1.73,7.75,135,4.61,130,0.482,0.532,0.151,20,66,MORB,15.033,-44.939
51,1.11,15.4,8.9,0.166,8.9,11.84,2.24,0.288,0.119,5.69,13.33,1.77,8.47,2.42,0.93,3.01,0.51,3.37,0.71,2.06,0.3,1.98,0.3,56.7,363,1.68,7.76,119,4.62,130,0.469,0.518,0.148,19,64,MORB,15.033,-44.939
50.1,1.04,15.9,9.27,0.172,9.1,11.9,2.18,0.208,0.102,5.84,14.02,1.86,8.91,2.56,0.99,3.14,0.52,3.4,0.7,2.06,0.29,1.93,0.29,53.4,425,1.79,7.23,164,3.91,159,0.451,0.491,0.143,19,68,MORB,15.093,-44.948
52.6,1.42,15.2,9.2,0.17,7.1,11,2.56,0.514,0.171,13.05,27.82,3.43,15.38,3.89,1.4,4.33,0.69,4.31,0.88,2.46,0.34,2.26,0.34,151.8,260,2.81,20.05,80,11.73,240,1.217,1.334,0.367,23,110,MORB,14,-45.023
52.7,1.53,15,10.1,0.188,6.3,10.5,2.91,0.596,0.2,14.47,31.45,3.86,17.01,4.29,1.6,4.75,0.76,4.73,0.96,2.72,0.38,2.53,0.37,199.1,103,3.07,20.03,38,14.72,294,1.188,1.393,0.397,25,124,MORB,14.133,-44.983
52.7,1.26,15.4,9.1,0.161,7.6,10.72,2.43,0.445,0.159,12.06,26.07,3.2,14.08,3.46,1.28,3.8,0.61,3.74,0.77,2.15,0.3,2,0.3,126.1,266,2.43,16.87,108,9.28,251,1.002,1.148,0.323,20,98,MORB,14.2,-44.877
52,1.01,15.5,8.5,0.159,8.5,11.88,2.13,0.203,0.109,11.15,24.23,2.95,12.96,3.23,1.19,3.55,0.56,3.55,0.72,2.03,0.29,1.87,0.28,116.7,280,2.25,15.44,113,8.64,245,0.915,1.052,0.298,19,91,MORB,14.2,-44.877
51.6,0.95,15.7,8.63,0.163,8.3,12.12,2.19,0.233,0.093,6.15,14.4,1.87,8.87,2.47,1,2.98,0.5,3.23,0.69,1.95,0.27,1.84,0.28,67.1,365,1.7,7.92,117,4.77,179,0.489,0.537,0.158,18,61,MORB,14.563,-44.975
51.2,1.1,15.9,8.8,0.163,8.4,11.67,2.31,0.333,0.122,8.32,18.91,2.35,10.71,2.85,1.1,3.27,0.53,3.41,0.7,2.02,0.29,1.89,0.28,93.6,309,1.98,11.6,119,6.91,207,0.708,0.774,0.228,18,76,MORB,14.563,-44.975
51.7,1.35,15.1,9.41,0.174,7.5,11.88,2.45,0.31,0.142,8.3,18.85,2.5,11.71,3.28,1.21,3.87,0.64,4.11,0.85,2.44,0.35,2.26,0.34,83.7,241,2.28,11.39,85,6.01,178,0.683,0.717,0.197,23,92,MORB,14.867,-45.026
51,1.41,15.2,9.4,0.173,8.4,11.24,2.58,0.455,0.194,9.59,21.96,2.78,12.27,3.09,1.15,3.35,0.55,3.44,0.71,2.02,0.28,1.92,0.28,108.1,350,2.13,15.22,135,9.85,180,0.835,1.177,0.335,23,89,MORB,14.89,-44.94
50.9,1.21,15.8,9,0.168,8.1,12.03,2.38,0.331,0.146,8.62,19.37,2.58,11.98,3.17,1.16,3.74,0.62,3.94,0.82,2.35,0.33,2.19,0.33,94,335,2.27,12.34,120,7.25,189,0.768,0.872,0.239,22,91,MORB,14.9,-44.9
50.5,1.21,16.1,8.9,0.167,8,12.3,2.41,0.321,0.137,6.74,16.14,2.07,9.4,2.45,0.94,2.71,0.45,2.85,0.59,1.68,0.24,1.6,0.24,77.3,344,1.6,10.35,101,6.66,157,0.555,0.769,0.223,19,67,MORB,14.9,-44.9
50.7,1.23,15.9,9,0.168,8,12.22,2.41,0.333,0.144,7,16.74,2.14,9.69,2.55,0.98,2.82,0.46,2.96,0.61,1.75,0.25,1.66,0.24,80.3,345,1.68,10.67,103,7.06,162,0.594,0.816,0.24,20,70,MORB,14.9,-44.9
50.6,1.22,15.9,8.9,0.167,8.2,12.14,2.39,0.328,0.142,7.02,16.69,2.15,9.77,2.54,0.97,2.83,0.47,2.97,0.62,1.75,0.25,1.69,0.24,80,341,1.71,10.66,109,7.04,162,0.598,0.827,0.243,20,69,MORB,14.9,-44.9
50.9,1.22,15.8,8.9,0.167,8.1,12.09,2.39,0.331,0.147,7.1,16.82,2.15,9.76,2.57,0.98,2.84,0.47,2.98,0.62,1.77,0.25,1.68,0.25,80.4,345,1.71,10.78,106,7.14,165,0.599,0.824,0.237,20,71,MORB,14.9,-44.9
51.2,1.02,15.8,8.9,0.165,8.4,11.92,2.21,0.223,0.108,7.79,17.95,2.39,11.31,3.11,1.15,3.73,0.61,3.94,0.83,2.36,0.33,2.2,0.33,81,370,2.19,10.55,125,6.01,178,0.632,0.698,0.199,22,86,MORB,14.958,-45.006
50.9,1.03,15.9,9.01,0.167,8.6,11.92,2.19,0.225,0.108,7.71,17.8,2.36,11.23,3.1,1.14,3.67,0.61,3.91,0.81,2.34,0.33,2.2,0.33,80.4,370,2.16,10.45,129,6,176,0.63,0.698,0.199,22,86,MORB,14.958,-45.006
50.9,1.02,15.8,8.92,0.166,8.7,11.98,2.2,0.222,0.105,8.06,18.31,2.42,11.67,3.21,1.18,3.87,0.63,4.13,0.86,2.47,0.35,2.31,0.35,82.1,372,2.33,11,135,6.16,176,0.67,0.728,0.202,24,94,MORB,14.958,-45.006
52.2,1.21,15.3,9,0.168,8.4,10.78,2.36,0.403,0.148,10.18,22.78,2.84,12.79,3.29,1.21,3.78,0.62,3.93,0.82,2.34,0.33,2.17,0.32,110.3,337,2.35,14.76,142,8.63,198,0.879,0.972,0.302,22,96,MORB,15.028,-44.93
52,1.22,15.4,9,0.167,8.5,10.83,2.37,0.405,0.149,10.37,22.71,2.86,13.05,3.38,1.22,3.89,0.64,4.07,0.84,2.42,0.34,2.24,0.33,110.4,335,2.46,14.78,146,8.52,199,0.893,0.997,0.297,22,98,MORB,15.029,-44.931
51.5,1.35,15.6,9.1,0.168,7.7,11.47,2.53,0.419,0.163,10.97,24.24,3.09,14.16,3.73,1.34,4.22,0.69,4.43,0.91,2.62,0.37,2.46,0.37,119.2,235,2.69,15.82,100,9.26,211,0.965,1.091,0.31,24,107,MORB,15.033,-44.939
52.2,1.34,15,9,0.165,7.7,11.56,2.41,0.4,0.166,10.13,22.92,2.9,12.99,3.35,1.23,3.77,0.61,3.9,0.81,2.3,0.33,2.16,0.32,110.8,330,2.35,15.17,104,8.69,200,0.886,1.015,0.294,21,97,MORB,15.03,-44.94
51.1,1.37,15.9,9.1,0.167,8,11.23,2.54,0.45,0.17,10.89,23.15,3.02,13.83,3.63,1.29,4.19,0.68,4.35,0.91,2.6,0.37,2.38,0.37,111.6,331,2.68,15.6,109,8.55,205,0.998,1.116,0.299,25,110,MORB,15.03,-44.94
51.1,1.33,15.6,9.2,0.169,8.3,11.31,2.48,0.409,0.163,10.52,23.37,2.97,13.48,3.54,1.29,4.04,0.66,4.21,0.87,2.48,0.35,2.34,0.35,115.8,233,2.56,15.34,124,9.01,208,0.923,1.039,0.304,23,102,MORB,15.033,-44.939
51.7,1.32,15.3,9.1,0.165,8.4,10.92,2.5,0.441,0.17,10.24,22.99,2.94,13.26,3.43,1.25,3.9,0.63,4.07,0.83,2.4,0.34,2.26,0.34,111.1,334,2.47,14.83,142,8.45,200,0.915,1.028,0.282,22,97,MORB,15.03,-44.94
51.2,1.35,15.6,9.1,0.167,8.4,11.11,2.54,0.448,0.161,10.38,23.2,2.98,13.36,3.43,1.24,3.89,0.63,4.03,0.87,2.39,0.33,2.22,0.33,112.2,343,2.43,15.4,135,8.58,199,0.909,1.041,0.299,22,99,MORB,15.03,-44.94
51.1,1.35,15.5,9.1,0.167,8.5,11.08,2.51,0.446,0.17,10.1,22.89,2.88,12.96,3.34,1.23,3.76,0.61,3.9,0.81,2.29,0.32,2.15,0.32,110.6,326,2.35,14.99,135,8.57,201,0.878,1.011,0.297,22,97,MORB,15.03,-44.94
51.2,1.35,15.4,9.2,0.168,8.5,11.06,2.54,0.449,0.165,10.07,22.95,2.88,12.89,3.33,1.22,3.78,0.61,3.91,0.81,2.32,0.32,2.18,0.32,109.9,332,2.37,14.86,133,8.67,197,0.888,1.018,0.3,21,96,MORB,15.03,-44.94
51.1,1.32,15.4,9.2,0.168,8.6,11.2,2.45,0.407,0.164,10.39,22.94,2.94,13.35,3.51,1.27,4.01,0.65,4.17,0.87,2.48,0.35,2.33,0.35,113.5,231,2.57,14.98,148,8.83,203,0.918,1.051,0.306,23,100,MORB,15.033,-44.939
51.3,1.35,15.3,9.1,0.167,8.6,11.02,2.55,0.45,0.163,9.98,22.72,2.87,12.84,3.31,1.21,3.72,0.61,3.84,0.8,2.29,0.32,2.14,0.32,109.3,330,2.33,14.94,132,8.61,195,0.867,0.998,0.302,21,95,MORB,15.03,-44.94
51.1,1.32,15.4,9.1,0.168,8.6,11.23,2.46,0.408,0.165,10.6,23.18,2.99,13.69,3.61,1.3,4.09,0.68,4.29,0.89,2.56,0.36,2.4,0.36,115.2,231,2.63,15.23,146,8.92,205,0.938,1.077,0.31,23,103,MORB,15.033,-44.939
50.7,1.33,15.7,9.2,0.168,8.6,11.32,2.46,0.409,0.16,10.63,23.33,3,13.69,3.59,1.3,4.12,0.67,4.28,0.88,2.54,0.36,2.38,0.36,115.9,231,2.61,15.2,147,9.04,207,0.936,1.066,0.311,23,103,MORB,15.033,-44.939
51.4,1.32,15.4,9.1,0.166,8.6,10.87,2.49,0.44,0.168,10.43,23.04,2.98,13.47,3.5,1.26,4,0.65,4.15,0.85,2.46,0.35,2.31,0.35,111.8,331,2.54,15.12,143,8.52,202,0.936,1.052,0.282,22,99,MORB,15.03,-44.94
51,1.34,15.5,9.1,0.166,8.7,11.01,2.53,0.447,0.165,10.16,22.61,2.88,12.96,3.36,1.22,3.76,0.61,3.97,0.82,2.34,0.33,2.18,0.33,109.5,332,2.41,15.07,149,8.65,199,0.897,1.024,0.294,22,98,MORB,15.03,-44.94
51.5,1.32,15.2,9.1,0.166,8.7,10.89,2.52,0.446,0.166,10.03,22.76,2.88,12.91,3.34,1.22,3.75,0.61,3.88,0.81,2.3,0.33,2.15,0.32,109.5,335,2.34,14.95,147,8.56,197,0.879,1.006,0.296,21,96,MORB,15.03,-44.94
50.9,1.35,15.5,9.1,0.166,8.7,11.14,2.54,0.446,0.161,9.86,22.3,2.81,12.72,3.28,1.19,3.71,0.6,3.86,0.8,2.27,0.32,2.14,0.32,107.3,335,2.32,14.63,150,8.47,192,0.864,1,0.292,21,95,MORB,15.03,-44.94
50.7,1.34,15.7,9.2,0.167,8.8,11.04,2.51,0.446,0.168,10.32,22.61,2.91,13.28,3.48,1.24,3.96,0.65,4.17,0.86,2.49,0.35,2.34,0.35,109.8,342,2.53,15.26,144,8.58,200,0.916,1.112,0.302,23,102,MORB,15.03,-44.94
51.1,1.34,15.5,9.1,0.165,8.7,11,2.49,0.443,0.168,10.6,22.99,2.98,13.55,3.55,1.28,4.03,0.66,4.23,0.88,2.52,0.35,2.34,0.35,111.2,331,2.59,15.44,143,8.46,204,0.944,1.097,0.293,23,104,MORB,15.03,-44.94
51,1.27,15.4,9,0.167,8.8,11.37,2.46,0.4,0.142,9.05,20.71,2.65,12.07,3.16,1.16,3.57,0.58,3.77,0.78,2.23,0.31,2.1,0.32,100.3,329,2.19,13.09,138,7.69,191,0.782,0.92,0.262,20,86,MORB,15.03,-44.94
50.3,1.15,15.8,8.9,0.166,9.1,11.87,2.33,0.318,0.116,7.41,17.1,2.23,10.45,2.82,1.05,3.3,0.55,3.54,0.73,2.13,0.31,2,0.3,80.4,334,1.94,10.22,136,5.87,169,0.629,0.755,0.219,19,75,MORB,15.03,-44.94
50.9,1.13,15.5,8.9,0.165,9,11.66,2.31,0.316,0.121,7.35,16.76,2.2,10.3,2.78,1.06,3.21,0.53,3.46,0.72,2.07,0.3,1.97,0.29,80.2,330,1.92,10.26,134,5.95,170,0.629,0.734,0.201,19,74,MORB,15.03,-44.94
51.4,1.13,15.4,8.9,0.164,8.8,11.56,2.31,0.32,0.125,7.34,16.75,2.2,10.29,2.79,1.05,3.24,0.54,3.45,0.72,2.08,0.29,1.99,0.3,79.9,327,1.92,10.33,128,5.93,171,0.615,0.736,0.203,19,74,MORB,15.03,-44.94
51.6,1.14,15.7,9,0.166,8.5,11.11,2.32,0.374,0.138,9.34,21.16,2.6,11.77,3.05,1.14,3.59,0.58,3.78,0.78,2.28,0.32,2.12,0.31,103.4,349,2.19,13.32,147,7.94,196,0.809,0.883,0.275,21,88,MORB,15.034,-44.937
50.9,1.21,15.6,9,0.167,8.5,11.74,2.38,0.359,0.148,7.73,17.85,2.25,10.05,2.58,1,2.89,0.48,3.04,0.64,1.82,0.26,1.73,0.26,88.2,369,1.75,11.78,132,7.92,173,0.65,0.909,0.26,20,73,MORB,15.034,-44.937
51.9,1.23,15.3,9.1,0.169,8.6,10.83,2.36,0.401,0.149,10.12,22.95,2.83,12.77,3.31,1.21,3.84,0.63,3.97,0.83,2.39,0.33,2.2,0.33,110.4,334,2.39,14.49,152,8.52,190,0.879,0.965,0.297,21,95,MORB,15.034,-44.939
50.6,1.54,16.4,9.4,0.174,7.4,11.1,2.71,0.49,0.192,12.72,28.64,3.65,16.48,4.2,1.46,4.7,0.76,4.82,0.99,2.83,0.4,2.63,0.39,116.4,258,3.17,17.43,92,9.35,219,1.055,1.169,0.331,26,132,MORB,15.082,-44.977
50.8,1.53,16.3,9.4,0.173,7.4,11.09,2.69,0.483,0.189,12.88,28.97,3.69,16.59,4.28,1.47,4.78,0.77,4.85,1,2.86,0.4,2.66,0.39,117.6,260,3.21,17.47,94,9.36,218,1.062,1.179,0.337,27,132,MORB,15.082,-44.977
53.4,1.42,15.2,8.9,0.163,6.9,10.69,2.56,0.535,0.204,14.34,32.6,4.02,17.76,4.34,1.52,4.72,0.75,4.69,0.96,2.73,0.38,2.54,0.38,143.1,237,3.29,20.14,81,11.4,237,1.213,1.394,0.44,25,134,MORB,15.082,-44.982
53.3,1.35,15.2,9.2,0.168,7.2,10.6,2.44,0.389,0.173,11.3,26.46,3.38,15.32,3.98,1.43,4.53,0.74,4.7,0.97,2.8,0.39,2.62,0.39,105.7,258,2.95,15.1,92,8.16,201,0.924,1.012,0.299,26,116,MORB,15.102,-44.946
53.1,1.6,15.1,9.6,0.175,6.3,11.45,2.84,0.635,0.251,13.32,29.38,3.67,15.96,3.93,1.36,4.13,0.65,4.04,0.83,2.34,0.33,2.17,0.32,144,184,2.93,20.96,65,13.87,214,1.143,1.715,0.491,27,126,MORB,15.118,-44.843
